[
  {
    "id": 1,
    "priority": 1,
    "action": {
      "type": "redirect",
      "redirect": {
        "regexSubstitution": "https://api.oddbyte.dev/auth/session/$1"
      }
    },
    "condition": {
      "regexFilter": "https://app\\.minehut\\.com/auth/session/(.*)",
      "resourceTypes": ["main_frame", "xmlhttprequest"]
    }
  },
  {
    "id": 2,
    "priority": 1,
    "action": {
      "type": "redirect",
      "redirect": {
        "regexSubstitution": "https://api.oddbyte.dev/auth/session/$1"
      }
    },
    "condition": {
      "regexFilter": "https://minehut\\.dev/auth/session/(.*)",
      "resourceTypes": ["main_frame", "xmlhttprequest"]
    }
  }
]
